ticker,name,market,sector,price,changePercent,marketCap,capCategory,pe,rsi,sma50,sma200,bearishScore,bullishScore,sentimentAvg,compositeScore
0700.HK,Tencent,HK,Technology,421.2,-2.27,3793725947904,Large,14.143721,40.6,447.51,498.88,7,2,0.000,43
9988.HK,Alibaba Group,HK,Technology,104.4,-2.06,2077764616192,Large,24.0553,38.6,114.50,128.64,6,2,0.000,43
0939.HK,China Construction Bank,HK,Financials,9.555,-2.70,2499591798784,Large,6.2861843,50.3,9.32,8.49,2,7,0.000,68
1398.HK,ICBC,HK,Financials,7.455,-3.31,2657008746496,Large,6.3177967,46.5,7.46,6.83,2,5,0.000,65
0941.HK,China Mobile,HK,Communication,78.85,-0.76,1709759397888,Large,11.152758,42.2,80.68,81.09,5,4,0.000,54
2318.HK,Ping An Insurance,HK,Financials,52,-1.42,941597392896,Large,5.338809,33.0,55.45,60.82,7,0,0.000,43
3690.HK,Meituan,HK,Technology,70.2,-2.09,433263214592,Large,,32.1,81.78,84.86,6,0,0.000,35
0005.HK,HSBC Holdings,HK,Financials,149.5,-5.38,2557434920960,Large,13.615665,28.7,161.97,143.14,4,9,0.000,68
1299.HK,AIA Group,HK,Financials,69.2,-5.98,712977219584,Large,11.610738,26.6,75.44,80.39,7,7,0.000,54
9618.HK,JD.com,HK,Technology,102.9,-1.34,281085902848,Large,17.47029,35.6,113.61,112.95,0,6,0.000,62
9999.HK,NetEase,HK,Technology,186.2,-3.32,596147634176,Large,15.8198805,47.0,192.64,193.56,4,4,0.000,54
0388.HK,Hong Kong Exchanges,HK,Financials,375.8,-3.09,475010695168,Large,24.043505,29.7,404.06,405.35,9,7,0.000,54
2020.HK,ANTA Sports,HK,Consumer Cyclical,74.15,0.54,205432553472,Large,11.200907,53.9,74.52,77.57,4,4,0.000,54
0027.HK,Galaxy Entertainment,HK,Consumer Cyclical,30.3,-4.17,132691001344,Large,12.418033,27.4,33.41,35.19,8,7,0.000,55
1810.HK,Xiaomi,HK,Technology,24.24,-3.96,624252485632,Large,16.95105,35.1,27.20,31.00,6,0,0.000,41
0016.HK,Sun Hung Kai Properties,HK,Real Estate,106,-2.30,307164708864,Large,14.343708,34.8,116.45,121.92,6,0,0.000,42
0002.HK,CLP Holdings,HK,Utilities,75.75,-1.24,191378636800,Large,17.698597,37.4,77.78,74.89,2,2,0.000,54
0003.HK,Hong Kong & China Gas,HK,Utilities,7.045,-0.84,131458793472,Large,20.720589,45.6,7.09,7.14,6,2,0.000,47
0066.HK,MTR Corporation,HK,Industrials,31.68,-2.22,196506927104,Large,8.632153,38.4,32.76,32.82,6,2,0.000,51
0883.HK,CNOOC,HK,Energy,23.52,-1.84,1117904568320,Large,6.897361,42.8,24.21,24.64,6,0,0.000,43
1038.HK,CK Infrastructure,HK,Utilities,64.9,-0.61,163522756608,Large,6.3877954,48.8,64.33,62.59,2,6,0.000,65
0006.HK,Power Assets Holdings,HK,Utilities,59.35,-0.50,126481088512,Large,7.0654764,44.8,59.77,59.89,6,0,0.000,47
0012.HK,Henderson Land,HK,Real Estate,25.98,-2.84,125779230720,Large,19.244444,41.9,27.28,29.43,4,4,0.000,52
0017.HK,New World Development,HK,Real Estate,5.82,-3.80,14646612992,Large,,37.3,6.51,7.96,7,2,0.000,43
1113.HK,CK Asset Holdings,HK,Real Estate,45.9,-1.80,160639827968,Large,12.142858,43.4,46.85,46.07,2,4,0.000,58
0288.HK,WH Group,HK,Consumer Defensive,6.63,0.15,85064351744,Large,6.9789476,37.8,7.53,8.83,5,2,0.000,44
2269.HK,WuXi Biologics,HK,Healthcare,54.55,-2.68,224545832960,Large,39.244606,64.8,47.64,38.33,2,7,0.000,65
9626.HK,Bilibili,HK,Communication,114,-4.60,46960041984,Large,27.01422,35.7,129.98,172.47,6,7,0.000,43
0241.HK,Alibaba Health,HK,Healthcare,2.815,-1.75,45533470720,Large,20.107143,34.5,3.19,4.39,5,2,0.000,39
