ticker,name,market,sector,price,changePercent,marketCap,capCategory,pe,rsi,sma50,sma200,bearishScore,bullishScore,sentimentAvg,compositeScore
AAPL,Apple,US,Technology,272.95,125.09,4011799085056,Large,34.594425,57.0,265.58,242.65,0,6,-0.125,59
MSFT,Microsoft,US,Technology,401.72,72.87,2985734963200,Large,25.123203,40.3,447.00,486.04,5,2,-0.130,41
GOOGL,Alphabet,US,Technology,307.38,204.05,3718376062976,Large,28.408504,40.4,319.91,248.83,2,2,0.193,58
AMZN,Amazon,US,Technology,207.92,34.45,2232004640768,Large,28.998604,40.0,226.84,224.34,0,4,0.056,52
NVDA,NVIDIA,US,Technology,184.89,1248.09,4501516845056,Large,45.651848,47.4,185.60,174.69,0,5,-0.019,59
META,Meta Platforms,US,Technology,657.01,155.03,1661943283712,Large,27.9341,50.4,656.68,691.25,5,0,0.095,39
TSLA,Tesla,US,Consumer Cyclical,408.58,81.46,1533168582656,Large,385.45285,43.9,437.60,390.24,0,6,0.039,49
AVGO,Broadcom,US,Technology,321.7,584.66,1525267824640,Large,67.58403,43.0,336.04,317.93,1,5,-0.288,52
ORCL,Oracle,US,Technology,150.31,133.00,432004628480,Large,28.253757,41.4,174.99,220.69,5,2,0.119,37
CRM,Salesforce,US,Technology,199.47,-7.87,189895442432,Large,26.667112,47.7,226.90,247.64,4,5,0.016,49
AMD,AMD,US,Technology,203.68,141.01,332082085888,Large,78.038315,43.7,218.82,186.12,2,2,0.186,47
INTC,Intel,US,Technology,45.46,-25.21,227080814592,Large,,48.5,44.06,32.23,2,6,0.166,60
NFLX,Netflix,US,Communication,84.59,56.98,358821429248,Large,33.43478,55.9,86.30,110.22,5,3,-0.153,40
ADBE,Adobe,US,Technology,259.04,-43.65,108434145280,Large,15.502096,36.7,304.44,347.06,5,2,0.203,41
CSCO,Cisco,US,Technology,78.1,74.06,308580483072,Large,28.093525,47.9,77.83,71.37,2,3,-0.093,53
QCOM,Qualcomm,US,Technology,145.59,6.90,155496677376,Large,29.352821,45.5,158.83,160.79,4,5,0.145,47
INTU,Intuit,US,Technology,394.42,1.10,109806534656,Large,27.107904,34.2,538.80,661.77,5,3,0.169,42
AMAT,Applied Materials,US,Technology,375.72,217.89,298175102976,Large,38.456497,63.4,311.43,225.93,0,7,-0.007,72
PANW,Palo Alto Networks,US,Technology,149.4,150.18,121910394880,Large,83.463684,35.3,175.69,191.73,7,0,0.080,32
SNPS,Synopsys,US,Technology,426,73.73,81501552640,Large,52.919254,42.5,470.82,496.09,4,3,0.055,38
NOW,ServiceNow,US,Technology,109.3,2.44,115327131648,Large,65.449104,44.1,129.20,172.13,5,5,0.272,32
UBER,Uber,US,Technology,74.8,44.54,155421720576,Large,15.813954,47.5,79.26,88.60,4,2,-0.092,45
SHOP,Shopify,US,Technology,125.94,-1.68,164362240000,Large,133.97873,48.5,143.59,139.10,1,4,-0.019,38
SNOW,Snowflake,US,Technology,173.06,-33.32,59221131264,Large,,43.6,200.85,218.45,5,2,0.282,42
PLTR,Palantir,US,Technology,135.94,468.79,325124390912,Large,215.77779,41.6,161.99,161.41,1,4,-0.067,39
NET,Cloudflare,US,Technology,174.66,136.12,61460586496,Large,,46.4,186.31,196.73,6,0,-0.021,32
CRWD,CrowdStrike,US,Technology,381.1,76.44,96074711040,Large,,40.4,442.79,470.04,7,0,0.454,36
DDOG,Datadog,US,Technology,116.46,22.06,40839114752,Large,375.6774,46.0,127.58,138.81,7,0,0.155,24
MDB,MongoDB,US,Technology,336.61,-12.78,27397279744,Large,,43.7,388.60,304.28,2,2,0.144,50
JPM,JPMorgan Chase,US,Financials,306.13,108.01,825642582016,Large,15.291208,47.9,313.81,299.17,2,2,-0.282,51
BAC,Bank of America,US,Financials,52.3,50.68,381920509952,Large,13.727035,45.6,54.07,50.34,2,3,-0.267,55
WFC,Wells Fargo,US,Financials,86.3,138.60,270903001088,Large,13.785942,42.7,91.07,83.71,2,4,-0.120,57
GS,Goldman Sachs,US,Financials,929,190.79,281227886592,Large,18.116224,52.1,922.37,781.33,2,4,0.014,59
MS,Morgan Stanley,US,Financials,177.49,130.90,282086506496,Large,17.383938,51.2,179.70,157.17,2,2,-0.091,54
V,Visa,US,Financials,316.7,49.11,610610118656,Large,29.765038,43.8,334.28,343.32,6,0,0.070,39
MA,Mastercard,US,Financials,514.77,45.48,459400183808,Large,31.160412,42.7,547.33,562.28,6,0,-0.104,37
AXP,American Express,US,Financials,335.32,147.91,230985744384,Large,21.788174,42.1,361.01,334.62,2,2,-0.180,49
BLK,BlackRock,US,Financials,1090.27,56.99,169156395008,Large,30.868347,50.7,1092.50,1083.84,0,8,-0.029,61
SCHW,Charles Schwab,US,Financials,97.52,58.00,177020190720,Large,20.972042,48.8,100.16,94.83,2,2,-0.053,50
JNJ,Johnson & Johnson,US,Healthcare,243.47,53.65,586738106368,Large,22.073437,66.5,223.12,187.41,2,6,-0.097,63
UNH,UnitedHealth,US,Healthcare,286.66,-13.71,259667689472,Large,21.651058,44.8,313.75,315.86,4,2,-0.039,44
PFE,Pfizer,US,Healthcare,27.1,-19.08,154082689024,Large,19.92647,55.3,26.05,24.99,2,4,-0.510,51
ABBV,AbbVie,US,Healthcare,224.69,108.55,397289881600,Large,95.207634,49.6,224.13,212.09,0,6,0.000,50
MRK,Merck,US,Healthcare,119.3,72.16,297985540096,Large,16.387363,56.0,111.62,91.42,2,5,0.210,65
LLY,Eli Lilly,US,Healthcare,1022.02,398.81,964130177024,Large,44.435654,46.8,1053.30,872.95,2,2,-0.155,46
TMO,Thermo Fisher,US,Healthcare,520.12,15.56,195413278720,Large,29.319054,35.8,574.89,508.12,0,4,0.014,53
ABT,Abbott Labs,US,Healthcare,116.26,-2.94,202345775104,Large,31.25269,56.6,117.99,127.45,4,2,-0.154,40
AMGN,Amgen,US,Healthcare,379.33,68.65,204484526080,Large,26.675808,62.5,346.57,309.17,0,7,-0.093,65
GILD,Gilead Sciences,US,Healthcare,143.77,134.15,178372526080,Large,21.173786,49.0,134.66,119.90,2,4,0.521,63
WMT,Walmart,US,Consumer Defensive,124.42,187.30,991982125056,Large,45.742645,50.4,119.89,105.88,2,5,0.016,54
PG,Procter & Gamble,US,Consumer Defensive,163.75,32.56,383254495232,Large,24.25926,67.2,150.32,153.75,5,3,-0.067,48
KO,Coca-Cola,US,Consumer Defensive,80.5,64.32,346279510016,Large,26.480263,70.8,73.66,70.59,9,5,0.101,48
PEP,PepsiCo,US,Consumer Defensive,167.58,29.72,229138874368,Large,27.93,63.6,152.75,144.31,2,5,0.192,59
COST,Costco,US,Consumer Defensive,986.74,198.11,438070804480,Large,52.90831,54.0,939.52,951.41,5,1,0.165,40
MCD,McDonald's,US,Consumer Cyclical,334.53,62.28,238722088960,Large,28.01759,68.6,316.31,307.52,0,7,0.352,65
NKE,Nike,US,Consumer Cyclical,63.95,-52.55,94670520320,Large,37.39766,50.8,63.53,67.45,3,4,-0.205,44
SBUX,Starbucks,US,Consumer Cyclical,98.08,-9.21,111742541824,Large,81.73333,57.8,92.03,88.59,2,3,0.411,48
HD,Home Depot,US,Consumer Cyclical,375.09,45.19,373406400512,Large,26.377636,46.5,370.29,376.90,5,1,0.035,43
LOW,Lowe's,US,Consumer Cyclical,264.39,65.50,148309966848,Large,21.886591,41.5,265.27,245.22,2,3,-0.351,52
XOM,ExxonMobil,US,Energy,148.54,173.20,618931027968,Large,22.170149,58.6,133.88,117.27,2,5,0.232,64
CVX,Chevron,US,Energy,184.16,84.16,368200974336,Large,27.776772,64.3,167.57,155.25,2,6,0.117,61
COP,ConocoPhillips,US,Energy,110.7,112.84,135312949248,Large,17.433071,61.7,100.81,94.13,2,6,0.208,65
SLB,Schlumberger,US,Energy,51.49,84.49,76994617344,Large,21.91064,61.5,46.03,37.83,7,5,0.368,61
EOG,EOG Resources,US,Energy,121.13,87.62,66136178688,Large,13.281798,61.1,110.36,113.67,6,3,0.149,51
CAT,Caterpillar,US,Industrials,752.93,248.77,352355876864,Large,40.00691,61.7,659.11,505.19,2,6,0.240,67
BA,Boeing,US,Industrials,229.41,8.21,180166475776,Large,92.504036,41.9,232.51,218.24,2,5,-0.265,46
HON,Honeywell,US,Industrials,240.88,26.30,162321727488,Large,31.862434,64.8,219.01,208.34,2,6,-0.089,59
UPS,UPS,US,Industrials,116.63,-26.10,99030728704,Large,17.806107,59.0,108.52,96.88,2,4,0.452,65
RTX,RTX Corp,US,Industrials,197.63,174.52,265276309504,Large,39.844757,49.2,193.79,166.37,2,5,0.291,58
DE,Deere & Co,US,Industrials,619.46,77.43,167919796224,Large,33.448166,62.0,532.50,500.01,0,7,0.114,64
GE,GE Aerospace,US,Industrials,340.84,445.34,359522762752,Large,42.393036,64.4,315.70,285.26,2,7,0.222,60
LMT,Lockheed Martin,US,Industrials,641.63,94.29,148471758848,Large,29.857143,58.7,572.20,492.52,2,6,-0.026,65
DIS,Disney,US,Communication,105.55,-44.17,187181006848,Large,15.54492,45.6,110.22,113.32,4,2,0.085,48
CMCSA,Comcast,US,Communication,30.85,-37.56,112414146560,Large,5.7235622,53.8,29.34,29.83,5,1,-0.022,52
T,AT&T,US,Communication,27.46,30.36,194676277248,Large,9.032894,56.1,25.46,26.80,5,1,0.115,48
VZ,Verizon,US,Communication,48.89,-11.59,206202585088,Large,12.041872,67.4,43.00,42.49,2,5,0.114,62
TMUS,T-Mobile,US,Communication,213.15,77.67,238409678848,Large,21.92901,57.0,200.01,223.54,3,3,0.106,50
AMT,American Tower,US,Real Estate,185.01,-14.40,86631161856,Large,29.507175,53.4,178.44,195.42,3,2,0.221,48
PLD,Prologis,US,Real Estate,142.66,44.00,132610883584,Large,39.960785,65.3,132.30,118.72,0,7,0.034,61
NEE,NextEra Energy,US,Utilities,91.99,25.19,191663177728,Large,27.875757,57.2,85.53,78.57,2,6,-0.060,63
DUK,Duke Energy,US,Utilities,129.23,50.99,100497162240,Large,20.48019,70.3,120.50,120.74,8,4,0.071,47
SOFI,SoFi Technologies,US,Fintech,19.1,3.64,24357539840,Large,48.97436,34.0,24.09,23.38,1,4,0.025,41
RIVN,Rivian,US,Consumer Cyclical,15.61,-85.38,19371849728,Large,,48.9,17.24,14.94,0,6,-0.156,55
LCID,Lucid Group,US,Consumer Cyclical,10.59,-96.56,3432943872,Mid,,51.7,10.81,18.38,5,2,-0.087,32
COIN,Coinbase,US,Fintech,181.06,-52.48,48824205312,Large,40.68764,48.6,210.18,288.37,5,2,0.054,29
RBLX,Roblox,US,Technology,71.4,10.70,50601611264,Large,,53.1,74.53,102.95,5,2,0.007,32
U,Unity Software,US,Technology,19.58,-81.81,8475398656,Mid,,31.6,35.67,35.13,1,6,0.079,39
AFRM,Affirm,US,Fintech,50.42,-45.82,16795439104,Large,62.24691,34.3,66.79,69.34,7,0,0.104,21
HOOD,Robinhood,US,Fintech,79.45,109.08,71529504768,Large,38.756096,41.4,101.13,106.83,5,2,0.049,32
PATH,UiPath,US,Technology,10.71,-83.65,5727169024,Mid,25.5,35.8,14.19,13.50,3,2,-0.058,46
PINS,Pinterest,US,Communication,17.81,-77.90,12031684608,Large,29.19672,38.2,23.14,30.73,5,2,-0.477,28
SNAP,Snap,US,Communication,5.26,-91.99,8883887104,Mid,,37.4,6.87,7.87,5,2,0.173,35
TTD,Trade Desk,US,Technology,23.95,-70.26,11710182400,Large,27.21591,26.3,32.75,52.86,7,7,-0.407,41
ROKU,Roku,US,Communication,93.47,-76.37,13780074496,Large,158.42374,49.9,101.27,93.67,0,4,0.269,46
ZS,Zscaler,US,Technology,167.36,-18.37,26689099776,Large,,41.5,202.14,266.37,5,2,-0.033,36
BILL,Bill Holdings,US,Technology,43.57,-73.60,4363826688,Mid,,45.0,48.89,47.86,2,2,0.239,44
HUBS,HubSpot,US,Technology,268.52,-47.86,14161888256,Large,312.23254,50.7,315.94,450.26,5,5,0.595,35
SMCI,Super Micro,US,Technology,32.28,889.27,19335378944,Large,23.562042,52.3,30.93,41.66,3,2,-0.282,40
ARM,Arm Holdings,US,Technology,129.26,130.41,137273933824,Large,172.34666,61.7,115.81,138.73,3,3,0.316,40
AI,C3.ai,US,Technology,8.4,-92.53,1182327552,Small,,29.1,12.48,18.20,9,7,-0.552,34
CELH,Celsius Holdings,US,Consumer Defensive,54.12,172.74,13951339520,Large,451,64.5,49.05,49.35,3,4,0.000,52
MARA,Marathon Digital,US,Fintech,8.45,-71.97,3195657728,Mid,3.2879376,47.9,9.41,14.49,7,2,0.000,35
APLD,Applied Digital,US,Technology,28.65,509.57,8010133504,Mid,,41.0,31.92,22.04,2,3,0.000,57
HIMS,Hims & Hers Health,US,Healthcare,15.6,7.07,3555844864,Mid,30.588236,18.8,27.58,44.32,5,7,0.000,37
LIN,Linde,US,Materials,498.51,104.08,233756098560,Large,34.12115,69.2,451.06,454.66,5,5,0.000,51
APD,Air Products,US,Materials,276.23,8.06,61504270336,Large,,50.3,265.30,272.49,5,1,0.000,42
FCX,Freeport-McMoRan,US,Materials,68.38,101.65,98275844096,Large,44.98684,64.9,58.51,46.25,2,8,0.000,66
NEM,Newmont,US,Materials,127.47,134.41,139103289344,Large,19.948357,59.5,114.25,82.95,2,5,0.000,66
MRNA,Moderna,US,Healthcare,51.71,-66.60,20204834816,Large,,71.7,40.17,30.28,5,6,0.000,59
REGN,Regeneron,US,Healthcare,770.79,71.07,81487765504,Large,18.586689,49.1,769.59,636.62,2,5,0.000,61
VRTX,Vertex Pharma,US,Healthcare,480.13,125.89,121953017856,Large,31.340078,54.8,464.88,435.94,0,5,0.000,60
ISRG,Intuitive Surgical,US,Healthcare,506.88,106.38,180008419328,Large,64.48855,49.7,532.54,514.78,0,4,0.000,46
DXCM,DexCom,US,Healthcare,74.38,-25.20,29009408000,Large,35.588516,62.3,69.91,73.91,3,3,0.000,48
BRK-B,Berkshire Hathaway,US,Financials,502.67,109.00,1084427534336,Large,16.075151,57.4,495.51,492.51,0,6,0.000,62
SPGI,S&P Global,US,Financials,437.49,32.83,132471971840,Large,29.842428,44.2,493.10,509.29,4,2,0.000,39
MMM,3M,US,Industrials,166.17,13.53,87521738752,Large,27.695,51.0,163.84,158.09,2,5,0.000,54
IBM,IBM,US,Technology,242.01,112.85,226215264256,Large,21.743935,35.5,289.36,280.03,3,2,0.000,45
GEV,GE Vernova,US,Industrials,876.46,662.14,237801521152,Large,49.517513,73.7,718.30,609.62,7,8,0.000,57
ABNB,Airbnb,US,Consumer Cyclical,136.97,-33.62,82115428352,Large,33.98759,63.5,130.96,128.58,0,6,0.000,60
GM,General Motors,US,Consumer Cyclical,80.79,57.39,75365867520,Large,24.706423,47.5,82.19,64.35,2,2,0.000,55
F,Ford Motor,US,Consumer Cyclical,14.41,23.16,57488338944,Large,,60.6,13.73,12.23,2,6,0.000,58
PYPL,PayPal,US,Fintech,45.53,-82.48,42600235008,Large,8.415896,46.2,52.37,65.11,7,2,0.000,39
BKNG,Booking Holdings,US,Consumer Cyclical,4250.26,82.53,137002090496,Large,25.641047,41.9,4934.17,5263.61,4,2,0.000,43
TXN,Texas Instruments,US,Technology,212.63,23.43,193200521216,Large,39.0864,49.9,199.53,189.48,2,7,0.000,57
MU,Micron,US,Technology,415.56,354.02,467716636672,Large,39.539486,56.1,357.99,206.19,2,7,0.000,65
LRCX,Lam Research,US,Technology,239.07,321.50,300279103488,Large,48.989754,56.1,212.48,141.47,2,5,0.000,60
KLAC,KLA Corp,US,Technology,1524.31,389.77,200282652672,Large,44.44053,57.5,1408.69,1091.51,2,6,0.000,62
ADI,Analog Devices,US,Technology,354.35,127.41,173508935680,Large,77.53829,71.1,307.21,255.90,7,8,0.000,53
MRVL,Marvell Technology,US,Technology,79.29,64.23,67245846528,Large,27.919016,47.6,82.03,78.44,0,6,0.000,59
ON,ON Semiconductor,US,Technology,68.16,69.26,27426113536,Large,235.0345,56.1,61.85,53.66,2,5,0.000,54
FTNT,Fortinet,US,Technology,79.2,134.53,60688269312,Large,32.727272,47.3,80.19,87.81,6,0,0.000,38
WDAY,Workday,US,Technology,139.11,-43.26,37142368256,Large,58.94492,31.7,183.29,222.20,5,2,0.000,27
TEAM,Atlassian,US,Technology,79.43,-66.58,20949192704,Large,,31.6,125.07,165.02,5,2,0.000,30
VEEV,Veeva Systems,US,Healthcare,182.86,-34.72,30058866688,Large,35.57588,41.2,208.33,259.18,5,2,0.000,34
ZM,Zoom Video,US,Technology,75.54,-79.78,22608320512,Large,14.696499,30.1,88.06,82.24,4,2,0.000,54
OKTA,Okta,US,Technology,75.25,-71.22,13336573952,Large,68.40909,38.6,86.87,92.67,6,0,0.000,28
DASH,DoorDash,US,Technology,180.41,6.44,77756448768,Large,91.116165,46.0,204.83,229.26,4,2,0.000,32
SPOT,Spotify,US,Communication,495.65,61.25,102051364864,Large,39.84325,52.7,517.13,635.49,5,2,0.000,34
SE,Sea Limited,US,Technology,110.9,-52.95,65655009280,Large,48.64035,45.1,120.84,152.15,5,4,0.000,35
MELI,MercadoLibre,US,Consumer Cyclical,1740.88,6.27,88257716224,Large,44.25216,28.4,2046.59,2260.62,7,8,0.000,43
NU,Nu Holdings,US,Fintech,15.06,33.87,72974368768,Large,28.96154,31.9,17.13,15.02,2,4,0.000,56
GRAB,Grab Holdings,US,Technology,4.31,-66.72,17623588864,Large,71.833336,46.6,4.62,5.15,5,4,0.000,33
CPNG,Coupang,US,Consumer Cyclical,18.71,-70.54,34176573440,Large,89.09524,45.6,20.71,27.34,5,5,0.000,31
C,Citigroup,US,Financials,116.19,76.37,207894839296,Large,16.622318,51.6,116.45,98.90,2,2,0.000,57
COF,Capital One,US,Financials,208.47,73.45,132531388416,Large,62.044643,45.1,228.83,217.38,2,2,0.000,39
PNC,PNC Financial,US,Financials,222.82,32.35,90089226240,Large,13.422892,46.1,221.58,197.93,2,7,0.000,63
USB,U.S. Bancorp,US,Financials,57.26,14.52,89039298560,Large,12.393939,51.1,56.04,49.13,2,5,0.000,63
TFC,Truist Financial,US,Financials,51.5,-9.59,65881186304,Large,13.481676,49.0,51.18,45.83,2,3,0.000,57
STT,State Street,US,Financials,132.27,81.76,36944658432,Large,14.071278,55.6,130.12,115.54,0,6,0.000,66
BK,Bank of New York Mellon,US,Financials,121.61,188.45,84804624384,Large,16.411606,54.1,119.37,106.14,2,3,0.000,58
ICE,Intercontinental Exchange,US,Financials,162.89,47.67,92876382208,Large,28.230503,52.7,164.24,168.89,4,3,0.000,46
CME,CME Group,US,Financials,316.45,58.46,113767710720,Large,28.33035,67.9,285.68,275.89,0,7,0.000,65
MCO,Moody's,US,Financials,479.47,74.42,85010030592,Large,35.100292,55.0,493.99,492.39,0,4,0.000,52
MSCI,MSCI,US,Financials,572.87,38.20,43045187584,Large,36.488537,55.5,571.39,564.58,0,5,0.000,53
FISV,Fiserv,US,Fintech,61.89,-46.36,33642979328,Large,9.761829,48.5,64.86,113.85,4,2,0.000,43
BX,Blackstone,US,Financials,117.95,70.37,145035870208,Large,30.478037,30.1,144.80,154.50,7,2,0.000,34
KKR,KKR & Co,US,Financials,93.62,105.49,86694035456,Large,40.00855,30.6,118.73,128.13,7,1,0.000,31
APO,Apollo Global Management,US,Financials,114.4,131.30,66400346112,Large,16.676384,31.8,136.67,136.27,2,2,0.000,49
PGR,Progressive,US,Financials,211.73,146.34,124116123648,Large,11.010401,56.3,211.97,237.08,4,4,0.000,52
CB,Chubb,US,Financials,337.92,107.85,132988706816,Large,13.158879,68.1,315.37,290.86,0,7,0.000,70
MET,MetLife,US,Financials,75.94,31.84,50036232192,Large,15.690083,44.9,78.51,78.74,6,2,0.000,46
AFL,Aflac,US,Financials,113.97,137.98,59733262336,Large,16.711143,54.1,111.42,107.71,2,4,0.000,57
TRV,Travelers,US,Financials,306.24,110.47,68310941696,Large,11.160349,67.7,289.29,276.26,0,7,0.000,66
ALL,Allstate,US,Financials,212.76,99.59,55675400192,Large,5.5901203,59.4,204.45,203.10,0,7,0.000,66
AON,Aon,US,Financials,330.27,45.04,70986670080,Large,19.416225,50.0,340.32,352.40,4,5,0.000,50
FICO,Fair Isaac (FICO),US,Technology,1388.44,203.45,32936759296,Large,51.290726,47.7,1536.49,1624.39,5,2,0.000,35
ACN,Accenture,US,Technology,207.38,-17.35,128604405760,Large,17.153019,35.0,256.63,265.71,7,0,0.000,38
CDNS,Cadence Design Systems,US,Technology,297.6,110.93,81093017600,Large,76.89923,49.8,306.37,323.89,4,2,0.000,35
ANET,Arista Networks,US,Technology,130.25,644.71,164021878784,Large,47.363636,44.8,133.59,126.89,2,2,0.000,42
DELL,Dell Technologies,US,Technology,121.45,195.57,81395810304,Large,16.236631,51.8,121.21,128.63,3,6,0.000,57
HPE,Hewlett Packard Enterprise,US,Technology,20.84,43.13,27811670016,Large,,41.4,22.60,21.86,2,4,0.000,50
HPQ,HP Inc,US,Technology,18.81,-35.07,17581740032,Large,7.0981126,43.4,20.64,24.87,5,2,0.000,45
APH,Amphenol,US,Technology,148.47,372.53,182501556224,Large,44.4521,52.2,143.43,121.21,0,5,0.000,55
MSI,Motorola Solutions,US,Technology,471.95,168.95,78605631488,Large,37.044743,81.5,405.99,422.61,10,5,0.000,42
ADSK,Autodesk,US,Technology,233.45,-15.42,49724850176,Large,45.24225,43.2,263.92,293.11,5,2,0.000,37
CTSH,Cognizant,US,Technology,64.97,-11.58,31357540352,Large,14.2478075,34.7,78.93,75.30,3,2,0.000,50
NXPI,NXP Semiconductors,US,Technology,232.23,27.21,58548572160,Large,29.24811,48.8,231.96,220.57,2,4,0.000,54
MCHP,Microchip Technology,US,Technology,74.97,-1.76,40568926208,Large,,47.0,73.19,66.75,2,6,0.000,62
MPWR,Monolithic Power Systems,US,Technology,1180.13,215.10,57482952704,Large,92.55922,54.8,1063.02,896.07,2,5,0.000,53
ADP,Automatic Data Processing,US,Technology,218.36,25.48,88315428864,Large,20.955854,39.6,245.00,280.79,4,2,0.000,43
ASML,ASML Holding,US,Technology,1463.8,158.12,568170577920,Large,50.250603,58.1,1300.70,976.67,2,6,0.000,63
TSM,Taiwan Semiconductor,US,Technology,376.81,199.20,1954326773760,Large,35.58168,63.3,332.20,272.41,0,8,0.000,72
APP,AppLovin,US,Communication,444.93,535.61,150525591552,Large,44.22763,47.6,552.07,508.08,1,4,0.000,42
AXON,Axon Enterprise,US,Technology,550.19,232.46,43705589760,Large,369.25504,63.0,538.86,671.29,3,3,0.000,37
EFX,Equifax,US,Technology,207.85,28.40,25439602688,Large,39.06955,56.2,208.11,234.43,4,2,0.000,39
MSTR,MicroStrategy,US,Technology,133.4,77.77,44522610688,Large,,46.8,149.85,285.96,5,2,0.000,29
DHR,Danaher,US,Healthcare,209.36,7.51,147996573696,Large,41.70518,37.2,225.46,209.90,2,2,0.000,44
SYK,Stryker,US,Healthcare,386.06,59.08,147740786688,Large,45.850357,66.9,362.06,374.76,3,4,0.000,45
BSX,Boston Scientific,US,Healthcare,75.75,95.33,112404324352,Large,39.04639,36.5,88.13,98.40,6,2,0.000,31
MDT,Medtronic,US,Healthcare,97.03,-17.05,124452233216,Large,27.103352,41.9,99.02,93.94,2,4,0.000,52
EW,Edwards Lifesciences,US,Healthcare,85.9,3.37,50431893504,Large,47.458565,64.6,82.87,79.83,0,6,0.000,53
IDXX,IDEXX Laboratories,US,Healthcare,660.71,27.02,52859904000,Large,50.513,52.5,675.37,627.87,0,4,0.000,48
HCA,HCA Healthcare,US,Healthcare,525.88,205.69,117598445568,Large,18.556105,56.1,491.75,431.32,2,5,0.000,60
ELV,Elevance Health,US,Healthcare,323.05,6.55,71298637824,Large,12.819444,38.4,350.46,339.71,2,5,0.000,59
CI,Cigna Group,US,Healthcare,288.82,37.60,77151281152,Large,13.021642,55.6,279.40,291.33,5,0,0.000,44
CVS,CVS Health,US,Healthcare,78.01,14.50,99245187072,Large,56.122303,52.0,78.33,72.95,0,5,0.000,49
MCK,McKesson,US,Healthcare,974.45,474.83,120273100800,Large,28.090229,67.8,862.37,774.56,0,6,0.000,63
BMY,Bristol-Myers Squibb,US,Healthcare,61.1,-0.38,124428541952,Large,17.658958,64.1,56.64,49.34,2,5,0.000,63
BIIB,Biogen,US,Healthcare,188.02,-31.10,27593539584,Large,21.36591,50.8,181.15,152.17,5,3,0.000,52
GEHC,GE HealthCare,US,Healthcare,83.92,33.21,38246518784,Large,18.443954,58.5,82.44,76.68,2,5,0.000,58
ZTS,Zoetis,US,Healthcare,129.76,-16.41,57184350208,Large,21.554817,57.6,125.63,141.76,3,2,0.000,47
A,Agilent Technologies,US,Healthcare,120.97,-0.90,34294859776,Large,26.470459,31.3,135.26,129.71,3,2,0.000,51
BDX,Becton Dickinson,US,Healthcare,176.66,-4.49,64003055616,Large,28.913258,57.3,163.60,149.31,0,5,0.000,60
ALNY,Alnylam Pharmaceuticals,US,Healthcare,331.24,123.66,43930087424,Large,142.77586,43.3,363.50,389.99,5,2,0.000,28
ETN,Eaton,US,Industrials,374.59,187.73,145827889152,Large,35.845932,56.0,346.06,353.14,5,1,0.000,41
EMR,Emerson Electric,US,Industrials,152.72,77.79,85874778112,Large,37.431374,54.0,145.48,135.45,2,5,0.000,54
PH,Parker-Hannifin,US,Industrials,1014.97,253.70,128105988096,Large,37.0427,63.6,940.21,794.00,2,8,0.000,62
ITW,Illinois Tool Works,US,Industrials,290.28,43.58,83658694656,Large,27.698475,60.4,268.05,256.83,2,6,0.000,58
GD,General Dynamics,US,Industrials,350.72,114.55,94831099904,Large,22.670977,49.5,351.50,324.89,2,2,0.000,52
NOC,Northrop Grumman,US,Industrials,710.9,143.74,101459697664,Large,24.446356,57.3,649.75,577.71,2,6,0.000,62
TDG,TransDigm,US,Industrials,1314.26,127.91,74220945408,Large,42.36815,46.3,1346.55,1381.10,4,2,0.000,40
WM,Waste Management,US,Industrials,233.9,110.93,94340235264,Large,34.96263,59.9,224.69,222.96,2,5,0.000,55
CTAS,Cintas,US,Industrials,198.28,144.53,79682125824,Large,42.91775,57.0,192.68,203.21,3,2,0.000,45
URI,United Rentals,US,Industrials,858.09,188.55,54600396800,Large,22.224554,46.9,867.34,852.20,2,2,0.000,48
UNP,Union Pacific,US,Industrials,265.45,28.88,157515776000,Large,22.176275,68.8,241.29,229.69,2,8,0.000,64
NSC,Norfolk Southern,US,Industrials,313.01,24.18,70293291008,Large,24.569075,60.6,297.36,280.42,2,5,0.000,57
FDX,FedEx,US,Industrials,387.68,52.33,91475206144,Large,21.454344,77.2,327.06,260.23,7,6,0.000,62
DAL,Delta Air Lines,US,Industrials,70.51,47.08,46052245504,Large,9.204961,52.1,70.00,59.91,2,3,0.000,58
UAL,United Airlines,US,Industrials,116.43,121.01,37692813312,Large,11.414706,56.0,111.88,97.64,0,7,0.000,67
LUV,Southwest Airlines,US,Industrials,50.93,-12.39,26338707456,Large,64.46835,55.5,45.91,36.12,2,6,0.000,57
PCAR,PACCAR,US,Industrials,124.08,104.55,65252982784,Large,27.573334,49.9,120.23,103.69,2,7,0.000,63
ODFL,Old Dominion Freight,US,Industrials,198.37,84.73,41691054080,Large,40.985535,59.1,177.16,157.46,2,6,0.000,60
FAST,Fastenal,US,Industrials,45.68,97.02,52448825344,Large,41.908257,53.0,43.75,44.06,5,1,0.000,39
PWR,Quanta Services,US,Industrials,565.05,573.88,84257931264,Large,84.08482,71.8,472.67,417.48,7,8,0.000,51
TT,Trane Technologies,US,Industrials,457.14,198.32,101365776384,Large,34.84299,59.3,414.76,421.91,5,2,0.000,44
CARR,Carrier Global,US,Industrials,62.76,71.80,52457562112,Large,37.136093,53.5,58.19,63.15,5,2,0.000,42
CSX,CSX,US,Industrials,42.65,39.76,79310094336,Large,27.694807,74.9,38.07,35.10,5,8,0.000,61
CPRT,Copart,US,Industrials,37.15,36.13,35961856000,Large,22.791412,43.1,39.18,44.83,6,0,0.000,38
RKLB,Rocket Lab,US,Industrials,72.65,608.78,38806458368,Large,,48.4,76.45,52.66,2,5,0.000,63
TJX,TJX Companies,US,Consumer Cyclical,158.69,140.48,176612245504,Large,35.108406,59.6,154.84,140.83,0,6,0.000,60
CMG,Chipotle Mexican Grill,US,Consumer Cyclical,38.05,31.93,50312679424,Large,33.377193,50.1,38.42,42.18,6,0,0.000,38
LULU,Lululemon,US,Consumer Cyclical,186.1,-40.29,22069442560,Large,12.932592,52.5,193.91,206.03,4,4,0.000,52
ORLY,O'Reilly Automotive,US,Consumer Cyclical,91.33,206.25,77092028416,Large,30.750841,40.3,94.32,96.84,6,1,0.000,40
DHI,D.R. Horton,US,Consumer Cyclical,158.97,106.80,46276096000,Large,14.478143,49.9,154.33,149.67,2,4,0.000,54
LEN,Lennar,US,Consumer Cyclical,112,39.44,27662516224,Large,14.017522,42.5,113.19,118.67,6,3,0.000,44
HLT,Hilton,US,Consumer Cyclical,317.83,156.98,73874866176,Large,51.848286,60.7,301.57,274.43,2,5,0.000,50
MAR,Marriott,US,Consumer Cyclical,350.57,136.76,92895641600,Large,36.902107,61.2,326.13,285.27,5,4,0.000,51
YUM,Yum! Brands,US,Consumer Cyclical,165.71,60.06,46009851904,Large,29.857658,65.0,156.84,149.12,0,7,0.000,62
ROST,Ross Stores,US,Consumer Cyclical,203.5,74.47,66183544832,Large,31.846636,73.4,189.81,159.36,5,8,0.000,61
DECK,Deckers Outdoor,US,Consumer Cyclical,119.41,119.70,17403389952,Large,16.93759,63.5,107.82,104.53,3,6,0.000,59
CCL,Carnival,US,Consumer Cyclical,32.7,22.24,45201768448,Large,16.18812,56.1,30.91,28.55,5,8,0.000,59
RCL,Royal Caribbean,US,Consumer Cyclical,318.94,241.95,86979076096,Large,20.444872,52.1,303.70,300.91,2,4,0.000,54
CVNA,Carvana,US,Consumer Cyclical,353.9,24.83,77554589696,Large,41.83215,42.8,416.75,364.73,2,2,0.000,42
EBAY,eBay,US,Consumer Cyclical,87.9,55.80,40170299392,Large,20.633802,52.0,88.22,85.65,0,8,0.000,63
EXPE,Expedia,US,Consumer Cyclical,217.93,35.36,26704023552,Large,22.215084,43.5,261.52,219.99,3,2,0.000,46
APTV,Aptiv,US,Consumer Cyclical,77.04,-48.59,16646757376,Large,102.72,42.8,79.92,76.69,2,4,0.000,42
PM,Philip Morris,US,Consumer Defensive,187.5,123.16,291877421056,Large,25.826445,63.9,172.06,167.19,2,8,0.000,63
MO,Altria Group,US,Consumer Defensive,69.47,59.33,116617322496,Large,16.86165,71.9,61.91,61.63,7,8,0.000,56
CL,Colgate-Palmolive,US,Consumer Defensive,97.55,29.72,78841937920,Large,37.091255,69.0,86.59,84.64,2,6,0.000,57
MDLZ,Mondelez,US,Consumer Defensive,59.94,12.75,77344088064,Large,31.714285,53.4,57.25,61.44,5,1,0.000,43
TGT,Target,US,Consumer Defensive,114.79,-37.42,52160479232,Large,13.913939,56.6,106.90,98.30,2,4,0.000,61
KR,Kroger,US,Consumer Defensive,67.18,108.57,44518723584,Large,59.45133,51.7,64.32,67.11,5,1,0.000,34
SYY,Sysco,US,Consumer Defensive,89.12,11.92,42682302464,Large,24.021564,67.2,80.39,78.07,2,6,0.000,58
MNST,Monster Beverage,US,Consumer Defensive,86.66,97.54,84668661760,Large,49.23864,72.4,79.66,68.93,7,9,0.000,56
KDP,Keurig Dr Pepper,US,Consumer Defensive,30.33,-0.62,41205825536,Large,26.146553,63.2,28.29,29.83,3,2,0.000,52
GIS,General Mills,US,Consumer Defensive,44.93,-18.32,23973842944,Large,9.662366,43.9,45.95,49.02,6,0,0.000,42
KHC,Kraft Heinz,US,Consumer Defensive,24.57,-32.46,29084608512,Large,,54.3,24.02,25.72,3,2,0.000,44
HSY,Hershey,US,Consumer Defensive,231.5,58.94,46944755712,Large,53.464203,70.3,200.88,183.60,7,6,0.000,46
ADM,Archer-Daniels-Midland,US,Consumer Defensive,67.42,19.16,32442628096,Large,30.233183,52.8,64.17,58.91,2,7,0.000,58
STZ,Constellation Brands,US,Consumer Defensive,155.76,-27.26,27116861440,Large,24.45212,48.6,152.41,154.27,5,1,0.000,44
DG,Dollar General,US,Consumer Defensive,154,-18.51,33898305536,Large,26.597582,61.3,144.81,116.78,2,7,0.000,68
DLTR,Dollar Tree,US,Consumer Defensive,126.95,29.28,25893715968,Large,24.043558,49.4,127.65,108.76,0,5,0.000,61
KMB,Kimberly-Clark,US,Consumer Defensive,110.38,-13.99,36637589504,Large,22.711933,64.3,102.67,118.94,3,2,0.000,48
PSX,Phillips 66,US,Energy,152.46,83.58,61612785664,Large,14.12975,53.2,143.12,132.23,5,5,0.000,57
VLO,Valero Energy,US,Energy,203.79,164.73,63307718656,Large,26.956348,62.8,183.91,160.65,2,5,0.000,60
MPC,Marathon Petroleum,US,Energy,201.07,268.13,60442144768,Large,15.2210455,61.3,181.47,179.04,2,4,0.000,57
OXY,Occidental Petroleum,US,Energy,51.43,93.27,50723692544,Large,38.096294,67.0,44.20,43.77,2,8,0.000,59
DVN,Devon Energy,US,Energy,42.66,98.05,26460475392,Large,10.230216,54.6,39.29,35.27,2,5,0.000,63
FANG,Diamondback Energy,US,Energy,166.98,141.02,47844044800,Large,29.141361,52.8,157.34,147.25,2,4,0.000,56
HAL,Halliburton,US,Energy,35.71,63.58,30054486016,Large,23.806665,62.1,32.22,25.46,2,6,0.000,69
BKR,Baker Hughes,US,Energy,64.9,165.11,64136548352,Large,24.96154,75.8,53.64,46.42,7,8,0.000,61
KMI,Kinder Morgan,US,Energy,33.06,124.90,73552101376,Large,24.131388,79.3,29.19,27.84,5,8,0.000,61
WMB,Williams Companies,US,Energy,74.77,227.36,91368939520,Large,34.93925,79.8,64.66,60.90,5,8,0.000,59
OKE,ONEOK,US,Energy,84.02,89.70,52912095232,Large,15.444852,57.0,77.58,76.20,2,5,0.000,62
FSLR,First Solar,US,Energy,200.1,146.98,21472360448,Large,15.35687,33.7,243.88,214.69,3,3,0.000,51
SO,Southern Co,US,Utilities,96.35,69.87,106091454464,Large,23.96766,66.6,89.26,91.37,3,4,0.000,53
D,Dominion Energy,US,Utilities,63.35,-7.27,54095405056,Large,20.702614,52.3,61.01,59.47,2,3,0.000,54
EXC,Exelon,US,Utilities,48.8,77.25,49917157376,Large,17.875458,70.1,44.81,44.58,7,7,0.000,54
SRE,Sempra Energy,US,Utilities,95.2,64.17,62135279616,Large,29.292307,68.2,89.20,85.02,0,7,0.000,63
AEP,American Electric Power,US,Utilities,132.1,76.49,71447805952,Large,19.834837,74.0,119.97,113.26,7,7,0.000,55
PCG,PG&E,US,Utilities,18.88,79.64,41497632768,Large,16,80.0,16.24,15.56,5,7,0.000,62
CEG,Constellation Energy,US,Utilities,323.56,751.47,117222580224,Large,43.665318,62.4,314.78,328.13,5,2,0.000,39
VST,Vistra,US,Utilities,176.82,925.04,59911127040,Large,63.60432,61.5,163.38,181.51,3,2,0.000,39
AWK,American Water Works,US,Utilities,134.32,-5.33,26220429312,Large,23.564915,60.0,130.09,136.52,3,2,0.000,48
ED,Consolidated Edison,US,Utilities,110.76,68.71,39977230336,Large,19.363638,58.4,104.38,101.38,2,5,0.000,59
SHW,Sherwin-Williams,US,Materials,360.5,58.96,89884655616,Large,35.102238,52.1,348.17,347.15,2,6,0.000,53
ECL,Ecolab,US,Materials,306.76,46.52,86885367808,Large,42.195324,70.5,280.83,271.29,7,7,0.000,48
DOW,Dow Inc,US,Materials,29.9,-49.59,21454268416,Large,,49.6,27.65,25.75,2,4,0.000,56
DD,DuPont,US,Materials,50.35,71.12,21095407616,Large,239.7619,62.0,44.83,35.66,2,6,0.000,56
NUE,Nucor,US,Materials,175.61,193.56,40189870080,Large,23.352394,43.3,174.71,147.61,2,5,0.000,58
VMC,Vulcan Materials,US,Materials,308.99,85.04,40827125760,Large,36.48052,50.2,303.04,288.11,2,4,0.000,50
ALB,Albemarle,US,Materials,184.93,17.63,21793484800,Large,,58.0,164.48,103.80,0,7,0.000,70
CTVA,Corteva,US,Materials,78.82,74.57,53261193216,Large,45.04,71.0,71.36,69.83,7,8,0.000,49
BALL,Ball Corp,US,Materials,66.63,-21.97,18133280768,Large,20.190908,69.4,58.51,53.78,2,5,0.000,63
EQIX,Equinix,US,Real Estate,948.02,46.22,93147635712,Large,68.94691,70.0,822.38,809.60,2,8,0.000,55
DLR,Digital Realty,US,Real Estate,176.37,30.91,61695008768,Large,49.26536,59.9,163.19,168.22,5,2,0.000,40
SPG,Simon Property Group,US,Real Estate,202.6,79.42,76417310720,Large,14.30791,64.9,189.78,176.99,0,6,0.000,64
CCI,Crown Castle,US,Real Estate,86.4,-44.53,37625384960,Large,34.285717,49.0,86.86,95.32,4,2,0.000,40
PSA,Public Storage,US,Real Estate,303.95,29.93,53345185792,Large,33.772224,63.4,280.22,286.59,3,3,0.000,50
O,Realty Income,US,Real Estate,66.6,14.06,62322610176,Large,62.242985,69.3,60.80,58.57,0,8,0.000,57
WELL,Welltower,US,Real Estate,208.45,207.00,145446502400,Large,146.79578,65.5,192.54,174.92,0,7,0.000,53
VICI,VICI Properties,US,Real Estate,29.78,4.49,31829204992,Large,11.323194,59.8,28.59,30.95,3,3,0.000,57
IRM,Iron Mountain,US,Real Estate,109.35,214.31,32349579264,Large,223.16325,65.6,92.67,96.11,5,4,0.000,44
CBRE,CBRE Group,US,Real Estate,150,97.97,44638949376,Large,38.860104,44.0,161.65,152.67,2,2,0.000,42
CHTR,Charter Communications,US,Communication,228.38,-62.77,29554511872,Large,6.305356,54.7,212.37,277.39,5,0,0.000,45
EA,Electronic Arts,US,Communication,201.07,50.09,50318516224,Large,75.30711,47.6,202.91,181.53,0,5,0.000,50
TTWO,Take-Two Interactive,US,Communication,213.29,15.63,39496073216,Large,,50.0,230.99,237.87,4,2,0.000,40
LYV,Live Nation,US,Communication,157.91,77.71,36668162048,Large,115.26278,60.0,146.83,149.23,3,4,0.000,43
WBD,Warner Bros Discovery,US,Communication,28.8,-45.69,71409213440,Large,151.57895,58.4,28.35,18.90,2,7,0.000,61
GME,GameStop,US,Consumer Cyclical,24.1,-5.25,10797028352,Large,27.386364,54.8,22.68,23.81,5,2,0.000,46
AMC,AMC Entertainment,US,Communication,1.14,-98.58,585830592,Small,,29.8,1.49,2.52,8,5,0.000,29
BABA,Alibaba,US,Consumer Cyclical,148.05,-37.73,353444134912,Large,19.505928,33.6,158.72,145.03,2,2,0.000,54
PDD,PDD Holdings (Temu),US,Consumer Cyclical,105.39,-38.43,149616541696,Large,10.528471,49.3,108.37,116.15,4,4,0.000,51
NIO,NIO,US,Consumer Cyclical,5.09,-88.88,12870876160,Large,,54.9,4.87,5.24,3,2,0.000,42
XPEV,XPeng,US,Consumer Cyclical,17.76,-47.93,17253916672,Large,,45.0,19.02,20.28,5,4,0.000,41
LI,Li Auto,US,Consumer Cyclical,17.9,-29.44,18137788416,Large,16.126125,49.4,17.29,22.76,5,0,0.000,42
BIDU,Baidu,US,Communication,125.15,-55.85,43627991040,Large,11.065429,28.5,140.81,113.86,4,9,0.000,72
RIOT,Riot Platforms,US,Technology,17.09,-60.93,6354185216,Mid,32.865387,58.3,15.30,14.52,2,6,0.000,56
IONQ,IonQ,US,Technology,40.88,182.52,15030507520,Large,,56.1,42.95,47.52,4,3,0.000,49
RGTI,Rigetti Computing,US,Technology,18.64,88.28,6151686144,Mid,,50.4,21.19,21.95,5,3,0.000,44
SOUN,SoundHound AI,US,Technology,8.98,2.98,3772460800,Mid,,53.0,9.72,12.35,5,3,0.000,38
UPST,Upstart,US,Fintech,29.67,-54.80,2909478144,Mid,65.933334,34.4,41.77,53.93,7,2,0.000,19
LYFT,Lyft,US,Technology,14.1,-74.69,5630883328,Mid,2.0704846,38.4,17.42,17.87,5,2,0.000,44
JOBY,Joby Aviation,US,Industrials,10.23,-12.86,9868334080,Mid,,40.6,12.74,13.51,5,4,0.000,38
LUNR,Intuitive Machines,US,Industrials,17.67,83.11,2514632192,Mid,,50.0,17.55,12.38,2,7,0.000,67
ASTS,AST SpaceMobile,US,Communication,85.76,519.65,32053364736,Large,,45.5,91.95,62.57,2,3,0.000,58
WOLF,Wolfspeed,US,Technology,20.21,12.28,911242176,Small,,58.6,18.17,,2,2,0.000,43
QS,QuantumScape,US,Technology,7.26,-86.78,4365512192,Mid,,34.8,9.66,10.06,7,2,0.000,32
DJT,Trump Media,US,Communication,10.96,-31.50,3068774144,Mid,,43.7,12.72,16.07,4,2,0.000,38
GPN,Global Payments,US,Fintech,77.85,-60.68,21798914048,Large,17.573364,54.8,76.27,80.18,6,2,0.000,43
TROW,T. Rowe Price,US,Financials,96.46,-40.51,21051140096,Large,10.439394,46.1,101.86,102.01,4,5,0.000,53
NDAQ,Nasdaq Inc,US,Financials,88.59,92.18,50584485888,Large,28.669903,53.4,92.91,90.23,0,4,0.000,55
ALLY,Ally Financial,US,Financials,41.94,1.06,12938195968,Large,17.696203,49.2,43.51,40.31,0,4,0.000,59
FITB,Fifth Third Bancorp,US,Financials,51.97,49.81,46775517184,Large,14.72238,50.9,50.43,44.48,2,5,0.000,60
MTB,M&T Bank,US,Financials,225.35,49.30,34634219520,Large,13.263685,51.6,217.32,197.33,2,5,0.000,62
RF,Regions Financial,US,Financials,29.36,42.32,25745094656,Large,12.765218,51.3,28.64,25.74,2,5,0.000,61
CFG,Citizens Financial,US,Financials,63.86,47.01,27426990080,Large,16.544043,50.4,62.32,52.19,2,5,0.000,63
HBAN,Huntington Bancshares,US,Financials,17.54,14.34,35602558976,Large,12.618706,47.5,17.83,16.83,2,5,0.000,57
KEY,KeyCorp,US,Financials,21.86,8.54,24098486272,Large,14.381579,52.0,21.49,18.76,2,5,0.000,62
ZION,Zions Bancorporation,US,Financials,61.65,15.95,9102807040,Mid,10.257903,52.4,60.49,55.07,2,5,0.000,61
CMA,Comerica,US,Financials,88.67,30.21,0,Small,,43.8,87.52,71.16,2,6,0.000,66
FHN,First Horizon,US,Financials,24.91,53.77,12265537536,Large,13.320855,52.0,24.58,22.35,2,4,0.000,58
EWBC,East West Bancorp,US,Financials,116.5,61.45,16028722176,Large,12.237394,48.7,116.13,105.84,2,4,0.000,60
WAL,Western Alliance Bancorp,US,Financials,90.06,-1.58,9911433216,Mid,10.316152,48.3,89.30,82.95,2,3,0.000,56
FNB,F.N.B. Corp,US,Financials,18.01,52.24,6450039808,Mid,11.544872,51.4,17.74,16.10,2,4,0.000,60
CBOE,Cboe Global Markets,US,Financials,292.3,195.37,30587588608,Large,28.07877,69.3,267.20,246.52,0,7,0.000,64
SEIC,SEI Investments,US,Financials,83.3,48.75,10199202816,Large,14.795737,52.0,84.08,85.18,4,6,0.000,55
SF,Stifel Financial,US,Financials,117.72,189.10,17980846080,Large,30.030611,42.1,83.95,76.45,2,4,0.000,50
EVR,Evercore,US,Financials,326.95,172.98,12645810176,Large,23.253912,44.6,349.90,311.35,2,2,0.000,50
RJF,Raymond James Financial,US,Financials,159.68,105.17,31531993088,Large,15.59375,46.3,164.90,161.47,2,2,0.000,52
WBS,Webster Financial,US,Financials,73.28,32.49,11815380992,Large,12.420339,65.5,67.22,59.97,2,6,0.000,65
SNV,Synovus Financial,US,Financials,50.05,18.29,0,Small,,44.5,48.46,48.42,2,5,0.000,60
FCNCA,First Citizens BancShares,US,Financials,2001.11,171.19,24522964992,Large,12.108126,43.3,2103.95,1950.61,2,4,0.000,57
OZK,Bank OZK,US,Financials,49.31,19.63,5516697088,Mid,7.953226,53.4,48.15,48.27,5,1,0.000,48
FNF,Fidelity National Financial,US,Financials,52.2,47.07,14163777536,Large,23.61991,40.2,54.74,55.03,6,2,0.000,43
CINF,Cincinnati Financial,US,Financials,165.2,68.80,25774258176,Large,10.8899145,53.5,163.62,156.52,2,3,0.000,56
GL,Globe Life,US,Financials,146.08,56.40,11832996864,Large,10.382374,59.6,141.59,134.24,2,5,0.000,60
WRB,W. R. Berkley,US,Financials,71.58,132.30,27201916928,Large,16.085394,57.8,69.55,72.00,5,2,0.000,47
LTC,LTC Properties,US,Real Estate,40.36,-1.34,1921708800,Small,56.055553,70.4,36.52,35.75,5,6,0.000,48
AMH,American Homes 4 Rent,US,Real Estate,30.35,-2.54,12822355968,Large,25.72034,44.3,31.32,33.66,6,0,0.000,38
INVH,Invitation Homes,US,Real Estate,26.3,-9.75,16122441728,Large,27.395834,48.1,26.84,29.57,7,0,0.000,35
EXR,Extra Space Storage,US,Real Estate,147.64,17.45,32717238272,Large,32.165577,57.5,139.28,141.84,3,3,0.000,49
MAA,Mid-America Apartment,US,Real Estate,135.87,0.85,16307603456,Large,35.944443,54.2,135.29,140.56,3,4,0.000,47
ARE,Alexandria Real Estate,US,Real Estate,55.12,-65.48,9552316416,Mid,,53.6,53.19,67.05,5,2,0.000,38
ESS,Essex Property Trust,US,Real Estate,262.74,3.12,18165829632,Large,25.263462,60.5,255.77,265.71,3,2,0.000,48
KIM,Kimco Realty,US,Real Estate,23.64,28.97,16008866816,Large,28.829268,72.9,21.19,21.26,8,4,0.000,46
REG,Regency Centers,US,Real Estate,78.42,43.15,14644523008,Large,27.80851,68.6,72.05,71.34,0,7,0.000,62
LAMR,Lamar Advertising,US,Real Estate,135.71,56.73,13745196032,Large,31.931767,61.5,129.70,124.90,0,8,0.000,64
SUI,Sun Communities,US,Real Estate,135.78,-10.64,17468438528,Large,,68.7,126.35,125.75,0,6,0.000,59
CPT,Camden Property Trust,US,Real Estate,110.24,5.85,11729020928,Large,31.141243,57.1,108.38,108.83,3,3,0.000,48
UDR,UDR Inc,US,Real Estate,38.09,-7.48,14340467712,Large,33.707966,54.8,37.10,37.97,5,0,0.000,39
AVB,AvalonBay Communities,US,Real Estate,179.67,2.23,25440362496,Large,24.27973,54.7,178.63,189.03,3,2,0.000,49
EQR,Equity Residential,US,Real Estate,64.12,-1.97,25143924736,Large,21.809525,56.5,62.37,64.16,5,0,0.000,43
HST,Host Hotels & Resorts,US,Real Estate,20.3,22.36,14140500992,Large,19.150944,61.8,18.88,17.08,2,5,0.000,60
BXP,BXP Inc,US,Real Estate,61.17,-38.29,10825631744,Large,35.15517,43.7,65.48,69.31,7,0,0.000,31
STAG,STAG Industrial,US,Real Estate,39.3,24.56,7664901632,Mid,26.917807,57.6,37.81,36.88,0,6,0.000,59
NNN,NNN REIT,US,Real Estate,44.98,2.60,8543475712,Mid,21.72947,68.3,41.85,41.92,3,4,0.000,55
HOLX,Hologic,US,Healthcare,75.23,4.36,16794715136,Large,31.215769,55.8,74.96,69.36,0,6,0.000,60
TECH,Bio-Techne,US,Healthcare,57.92,-35.95,9061774336,Mid,109.28302,39.8,62.80,57.23,2,2,0.000,38
IQV,IQVIA Holdings,US,Healthcare,170.64,-11.49,29059991552,Large,21.793104,35.2,213.71,193.18,3,2,0.000,45
ALGN,Align Technology,US,Healthcare,189.2,-66.64,13714420736,Large,33.427563,59.7,171.23,160.25,2,4,0.000,57
PODD,Insulet Corp,US,Healthcare,251.5,-2.93,17704556544,Large,72.478386,46.1,270.27,304.09,5,2,0.000,30
INSP,Inspire Medical Systems,US,Healthcare,68.05,-70.77,1977290368,Small,13.916157,46.5,83.15,101.35,7,5,0.000,46
XRAY,Dentsply Sirona,US,Healthcare,12.71,-76.05,2536305408,Mid,,50.6,12.30,13.52,5,0,0.000,41
VTRS,Viatris,US,Healthcare,15.25,2.69,17605623808,Large,,57.5,13.58,10.73,2,6,0.000,68
OGN,Organon & Co,US,Healthcare,7.23,-76.68,1879676416,Small,10.041666,40.1,7.93,8.83,6,0,0.000,40
LEGN,Legend Biotech,US,Healthcare,19.28,-29.07,3560815104,Mid,,51.3,20.16,30.15,7,2,0.000,29
TMDX,TransMedics Group,US,Healthcare,134.57,274.95,4598838784,Mid,52.98032,50.4,132.85,125.41,2,5,0.000,48
EXAS,Exact Sciences,US,Healthcare,103.25,-24.15,19709206528,Large,,66.5,102.40,70.50,2,4,0.000,65
NTRA,Natera,US,Healthcare,216.1,86.15,30134956032,Large,,47.9,227.07,187.77,0,4,0.000,57
NBIX,Neurocrine Biosciences,US,Healthcare,130.64,19.30,13111482368,Large,28.034336,44.7,136.97,136.27,0,4,0.000,52
PCVX,Vaxcyte,US,Healthcare,60,154.67,8712375296,Mid,,62.4,51.06,40.62,0,7,0.000,71
RARE,Ultragenyx Pharmaceutical,US,Healthcare,23.04,-83.72,2226350592,Mid,,47.0,25.22,30.74,5,2,0.000,34
SRPT,Sarepta Therapeutics,US,Healthcare,17.45,-79.96,1828536448,Small,,39.2,20.56,21.82,6,2,0.000,45
RVMD,Revolution Medicines,US,Healthcare,102.15,123.62,19747618816,Large,,54.0,97.31,59.82,0,7,0.000,71
HSIC,Henry Schein,US,Healthcare,81.47,31.72,9879736320,Mid,25.700315,58.1,77.71,71.65,0,7,0.000,66
ENSG,Ensign Group,US,Healthcare,212.65,159.27,12357682176,Large,36.47513,68.0,185.95,169.81,2,7,0.000,58
GDDY,GoDaddy,US,Technology,86.2,6.26,11934305280,Large,14.862068,38.5,106.78,140.65,5,3,0.000,43
ESTC,Elastic NV,US,Technology,61.58,-54.18,6544257024,Mid,,46.9,69.20,80.53,4,2,0.000,40
DUOL,Duolingo,US,Technology,117.45,-16.94,5429402624,Mid,14.792191,40.6,148.60,292.32,7,2,0.000,38
CFLT,Confluent,US,Technology,30.63,-30.39,10954650624,Large,,62.8,30.39,24.31,2,4,0.000,63
GTLB,GitLab,US,Technology,27.89,-70.41,4696675840,Mid,,40.3,34.11,42.64,7,0,0.000,26
MNDY,monday.com,US,Technology,75.6,-56.34,3897290496,Mid,33.75,29.3,118.40,198.78,5,6,0.000,33
FROG,JFrog,US,Technology,41.56,-22.30,4971778560,Mid,,38.7,56.09,49.97,3,2,0.000,37
S,SentinelOne,US,Technology,13.48,-70.70,4581433856,Mid,,48.6,14.18,16.79,5,2,0.000,37
DOCN,DigitalOcean,US,Technology,54.26,30.75,4964363776,Mid,21.703999,41.2,55.48,40.17,2,4,0.000,66
CIEN,Ciena Corp,US,Technology,341.16,553.94,48261672960,Large,401.3647,70.7,260.45,159.38,7,7,0.000,51
FLEX,Flex Ltd,US,Technology,63.21,361.12,23374446592,Large,28.345291,47.6,63.83,56.37,2,2,0.000,51
KEYS,Keysight Technologies,US,Technology,306.03,116.25,52581191680,Large,53.78383,88.1,222.35,183.57,9,9,0.000,55
TER,Teradyne,US,Technology,332.7,158.69,52923768832,Large,96.156075,68.4,248.75,154.68,0,8,0.000,65
SWKS,Skyworks Solutions,US,Technology,59.61,-66.48,8963771392,Mid,22.83908,46.7,61.11,69.84,6,0,0.000,37
MANH,Manhattan Associates,US,Technology,139.61,13.55,8412654080,Mid,38.780556,41.7,160.53,188.33,5,5,0.000,37
CDW,CDW Corp,US,Technology,123.39,-21.35,16171585536,Large,15.27104,40.2,132.51,156.82,7,2,0.000,39
ENTG,Entegris,US,Technology,132.2,25.65,20081178624,Large,85.29032,60.4,110.45,90.51,2,5,0.000,56
GEN,Gen Digital,US,Technology,22.8,16.86,14061126656,Large,23.505154,42.8,25.24,27.76,6,3,0.000,40
EPAM,EPAM Systems,US,Technology,138.62,-62.90,7720705536,Mid,21.131098,30.8,194.99,175.82,3,4,0.000,44
PEGA,Pegasystems,US,Technology,45.31,-31.53,7690139648,Mid,21.2723,49.3,51.12,54.04,5,2,0.000,40
TENB,Tenable Holdings,US,Technology,19.38,-52.63,2312891648,Mid,,39.5,22.43,28.43,7,3,0.000,32
RPD,Rapid7,US,Technology,6.39,-91.62,418422144,Small,17.749998,18.6,12.03,18.10,7,7,0.000,36
VRNS,Varonis Systems,US,Technology,23.09,-62.26,2722248960,Mid,,36.1,30.34,45.03,7,0,0.000,22
DT,Dynatrace,US,Technology,36.35,-26.95,10959097856,Large,60.58333,46.2,39.78,47.59,5,5,0.000,35
IOT,Samsara,US,Technology,28.96,16.31,16710036480,Large,,52.0,31.63,37.35,5,2,0.000,37
GWRE,Guidewire Software,US,Technology,144.08,29.81,12249563136,Large,134.6542,52.2,162.44,211.34,5,3,0.000,31
PCOR,Procore Technologies,US,Technology,55.81,-33.56,8676772864,Mid,,49.4,63.55,69.01,5,2,0.000,36
BRZE,Braze,US,Technology,19.2,-77.98,2354649600,Mid,,45.0,25.61,28.31,5,2,0.000,34
QLYS,Qualys,US,Technology,93.68,-3.58,3381462016,Mid,17.220589,28.6,125.23,133.92,7,2,0.000,36
TOST,Toast,US,Technology,27.75,-57.48,16344750080,Large,49.55357,44.1,32.24,38.65,5,5,0.000,35
GLBE,Global-e Online,US,Technology,35.96,48.29,6103349760,Mid,92.20513,53.0,37.05,35.31,0,4,0.000,43
OPEN,Opendoor Technologies,US,Technology,5.41,-80.69,5159993344,Mid,,53.2,5.74,4.85,1,4,0.000,52
POOL,Pool Corp,US,Consumer Cyclical,223.31,-33.29,8333484032,Mid,20.375,35.0,247.28,282.64,6,2,0.000,39
FIVE,Five Below,US,Consumer Cyclical,225.12,20.95,12416962560,Large,40.344086,73.8,197.58,155.77,7,7,0.000,58
AZO,AutoZone,US,Consumer Cyclical,3660,215.54,60875550720,Large,25.51056,47.3,3577.90,3810.70,5,3,0.000,44
AAP,Advance Auto Parts,US,Consumer Cyclical,52,-67.57,3125199872,Mid,46.0177,49.2,47.30,52.10,5,2,0.000,36
BBW,Build-A-Bear Workshop,US,Consumer Cyclical,50.09,612.52,657489216,Small,11.56813,35.7,58.68,55.58,2,4,0.000,54
DKS,Dick's Sporting Goods,US,Consumer Cyclical,211.54,196.40,19032020992,Large,17.212368,54.9,207.72,210.08,5,2,0.000,47
CHWY,Chewy,US,Consumer Cyclical,26.97,-73.44,11192510464,Large,55.040813,47.2,30.09,36.41,5,2,0.000,30
BROS,Dutch Bros,US,Consumer Cyclical,53.91,65.88,8870619136,Mid,84.234375,49.3,58.43,61.16,4,2,0.000,31
CAVA,Cava Group,US,Consumer Cyclical,84.74,101.76,9828663296,Mid,156.92592,72.4,65.05,68.92,10,4,0.000,42
WING,Wingstop,US,Consumer Cyclical,272,99.78,7558024192,Mid,43.870968,54.4,260.88,287.26,3,2,0.000,40
TXRH,Texas Roadhouse,US,Consumer Cyclical,184.37,102.87,12251499520,Large,28.14809,52.4,181.09,178.10,2,5,0.000,55
BIRK,Birkenstock,US,Consumer Cyclical,40.94,-0.15,7529113600,Mid,17.058332,54.5,40.74,45.92,3,2,0.000,47
ONON,On Holding,US,Consumer Cyclical,47.6,34.46,15715950592,Large,54.712643,55.7,46.65,47.38,3,2,0.000,43
CROX,Crocs,US,Consumer Cyclical,92.7,20.83,4812581376,Mid,,52.8,88.39,90.69,3,2,0.000,47
W,Wayfair,US,Consumer Cyclical,78.97,-72.67,10292798464,Large,,37.6,99.83,80.62,3,2,0.000,42
ETSY,Etsy,US,Consumer Cyclical,55.18,-74.95,5468810752,Mid,37.283783,54.5,55.60,58.36,4,2,0.000,41
NWL,Newell Brands,US,Consumer Cyclical,4.62,-80.06,1936704000,Small,,56.5,4.22,4.87,5,1,0.000,43
PHM,PulteGroup,US,Consumer Cyclical,135.66,200.73,26091202560,Large,12.19964,52.1,128.77,121.28,2,3,0.000,55
TOL,Toll Brothers,US,Consumer Cyclical,158.65,196.99,15072225280,Large,11.389088,57.5,147.25,132.05,2,4,0.000,59
TPR,Tapestry,US,Consumer Cyclical,160.49,280.85,32844240896,Large,62.20543,71.2,136.62,110.51,5,7,0.000,57
GRMN,Garmin,US,Consumer Cyclical,254.16,104.93,48920928256,Large,29.587893,78.4,212.15,218.82,10,5,0.000,45
GPC,Genuine Parts,US,Consumer Cyclical,116.86,10.93,16256452608,Large,248.6383,29.9,131.71,130.79,2,8,0.000,45
LEA,Lear Corp,US,Consumer Cyclical,133.02,-19.91,7077475328,Mid,16.321474,55.5,125.01,107.31,2,4,0.000,59
BWA,BorgWarner,US,Consumer Cyclical,57.91,46.19,12388577280,Large,45.242188,57.3,50.57,42.35,2,5,0.000,54
USFD,US Foods,US,Consumer Defensive,95.36,161.55,21259692032,Large,32.435375,62.9,84.19,78.96,5,5,0.000,51
SJM,J.M. Smucker,US,Consumer Defensive,116,3.57,12376542208,Large,,66.2,103.62,105.74,3,6,0.000,64
CAG,Conagra Brands,US,Consumer Defensive,18.73,-44.80,8959859712,Mid,,51.2,17.98,19.03,8,0,0.000,36
CHD,Church & Dwight,US,Consumer Defensive,103.67,31.64,24894285824,Large,34.327816,68.2,92.61,91.86,2,5,0.000,56
CLX,Clorox,US,Consumer Defensive,126.89,-29.91,15478089728,Large,20.73366,71.2,111.20,118.04,8,3,0.000,46
BG,Bunge Global,US,Consumer Defensive,119.42,55.94,23091175424,Large,28.165096,58.6,107.18,90.10,2,6,0.000,64
HRL,Hormel Foods,US,Consumer Defensive,24.82,-46.47,13653661696,Large,28.528734,52.9,24.20,26.09,3,2,0.000,49
TSN,Tyson Foods,US,Consumer Defensive,63.61,-6.00,22395744256,Large,113.58929,52.8,61.39,56.51,2,6,0.000,49
EL,Estee Lauder,US,Consumer Defensive,111.9,-60.85,40477257728,Large,,51.8,110.51,92.68,2,6,0.000,58
BYND,Beyond Meat,US,Consumer Defensive,0.82,-99.44,371927552,Small,,52.7,0.87,2.07,4,4,0.000,38
XYL,Xylem,US,Industrials,131.93,32.51,32138145792,Large,33.65561,47.1,136.86,137.88,4,2,0.000,42
GNRC,Generac Holdings,US,Industrials,234.35,-28.89,13752611840,Large,86.796295,75.9,173.37,164.38,7,7,0.000,48
TTC,Toro Company,US,Industrials,98.49,-2.26,9642632192,Mid,31.069399,60.3,89.44,78.28,2,5,0.000,61
SWK,Stanley Black & Decker,US,Industrials,87.65,-49.87,13575666688,Large,33.07547,53.5,81.98,73.49,2,4,0.000,54
AME,AMETEK,US,Industrials,236.96,100.86,54549110784,Large,37.025,63.8,219.21,194.06,2,8,0.000,62
ROK,Rockwell Automation,US,Industrials,411.3,69.06,46243766272,Large,46.952053,53.0,407.07,362.71,0,5,0.000,54
IEX,IDEX Corp,US,Industrials,209.59,7.39,15779462144,Large,32.69735,60.2,194.37,177.44,5,6,0.000,54
RBC,RBC Bearings,US,Industrials,576.5,189.61,18228330496,Large,67.585,81.1,502.63,421.89,5,8,0.000,55
BLDR,Builders FirstSource,US,Industrials,104.56,141.65,11564866560,Large,26.879175,36.9,114.22,120.06,6,2,0.000,39
WSC,WillScot Holdings,US,Industrials,22.17,-20.05,4036604672,Mid,18.322313,53.7,20.90,23.50,3,3,0.000,51
RRX,Regal Rexnord,US,Industrials,220.8,61.56,14658839552,Large,52.57143,70.9,172.00,150.93,4,6,0.000,55
DOV,Dover Corp,US,Industrials,227.14,84.28,31152982016,Large,28.499372,59.7,210.70,187.15,2,6,0.000,60
WAB,Westinghouse Air Brake,US,Industrials,263.41,263.68,45031833600,Large,38.623165,75.3,233.73,208.93,7,8,0.000,56
HUBB,Hubbell,US,Industrials,524.19,195.30,27866779648,Large,31.653986,62.6,483.33,438.70,4,6,0.000,56
NDSN,Nordson,US,Industrials,292.62,52.08,16335077376,Large,34.34507,61.1,268.46,233.98,2,6,0.000,60
SNA,Snap-on,US,Industrials,386.67,90.37,20109762560,Large,20.160063,63.6,366.04,338.85,2,7,0.000,64
ALLE,Allegion,US,Industrials,160.41,47.46,13818598400,Large,21.560484,41.6,164.83,161.72,2,4,0.000,53
GGG,Graco,US,Industrials,93,34.10,15418852352,Large,30.194805,60.9,87.79,85.13,2,5,0.000,56
AOS,A.O. Smith,US,Industrials,77.15,29.95,10669067264,Large,20.038961,54.9,72.80,69.78,2,7,0.000,61
BWXT,BWX Technologies,US,Industrials,207.24,257.25,18951079936,Large,57.727024,54.7,196.15,171.72,2,6,0.000,53
JBHT,J.B. Hunt Transport,US,Industrials,228.22,55.39,21730729984,Large,37.29085,60.0,209.99,165.78,2,6,0.000,64
AR,Antero Resources,US,Energy,34.38,282.00,10607089664,Large,16.93596,50.8,33.91,34.73,5,2,0.000,48
RRC,Range Resources,US,Energy,39.09,305.50,9310889984,Mid,14.266423,61.2,35.95,37.03,3,3,0.000,55
EQT,EQT Corp,US,Energy,59.74,235.81,37294129152,Large,18.04834,60.5,55.09,55.04,0,7,0.000,66
CTRA,Coterra Energy,US,Energy,30.01,62.13,22848940032,Large,13.893518,53.7,27.75,25.49,2,5,0.000,61
AM,Antero Midstream,US,Energy,22.36,153.51,10649509888,Large,26,83.2,18.90,18.37,7,8,0.000,59
MUR,Murphy Oil,US,Energy,31.89,95.28,4551940608,Mid,44.291664,48.5,31.93,27.65,2,2,0.000,47
TRGP,Targa Resources,US,Energy,231.22,647.56,49756659712,Large,31.161724,75.5,197.45,173.88,7,8,0.000,59
OVV,Ovintiv,US,Energy,49.44,114.30,14008104960,Large,10.343096,64.2,42.39,40.27,0,8,0.000,72
DKNG,DraftKings,US,Communication,23.49,-61.82,11692676096,Large,,36.9,30.30,36.60,5,2,0.000,31
PENN,Penn Entertainment,US,Communication,14.64,-87.36,2137509120,Mid,,59.3,13.79,16.31,5,2,0.000,46
MTCH,Match Group,US,Communication,32.22,-78.92,7752845824,Mid,13.537815,55.5,31.70,33.06,3,2,0.000,48
ZG,Zillow Group,US,Communication,46.52,-72.61,11241849856,Large,516.88885,34.2,60.65,70.27,5,2,0.000,23
IMAX,IMAX Corp,US,Communication,41.77,102.08,2247181568,Mid,58.83099,72.4,36.39,31.77,7,9,0.000,58
YELP,Yelp,US,Communication,22.08,-41.45,1392379264,Small,9.857142,39.0,27.16,31.60,5,2,0.000,41
WEC,WEC Energy Group,US,Utilities,115.79,43.59,37685186560,Large,24.072765,66.7,109.29,109.03,0,7,0.000,62
ES,Eversource Energy,US,Utilities,75.05,-5.57,28181020672,Large,16.458334,68.4,69.43,67.64,0,6,0.000,64
ATO,Atmos Energy,US,Utilities,183.63,117.03,30379554816,Large,23.910158,76.3,170.99,165.88,5,7,0.000,55
NI,NiSource,US,Utilities,46.7,116.20,22099959808,Large,23.948717,67.8,43.54,41.99,0,6,0.000,63
EVRG,Evergy,US,Utilities,82.99,54.75,19111067648,Large,22.674862,68.7,76.24,73.11,0,6,0.000,64
MLM,Martin Marietta Materials,US,Materials,678.46,101.40,40915984384,Large,41.496025,53.5,654.23,608.88,2,5,0.000,52
CF,CF Industries,US,Materials,97.16,114.58,15737293824,Large,11.748488,60.0,87.46,87.69,5,2,0.000,54
MOS,Mosaic Company,US,Materials,27.16,-7.62,8620797952,Mid,15.97647,43.2,26.97,30.97,5,0,0.000,45
RPM,RPM International,US,Materials,113.97,43.11,14613087232,Large,21.959538,50.1,110.64,113.47,5,1,0.000,43
EMN,Eastman Chemical,US,Materials,75.22,-31.16,8580330496,Mid,18.346342,50.7,70.54,69.33,2,4,0.000,58
FMC,FMC Corp,US,Materials,14.6,-85.64,1823832960,Small,,47.6,14.78,28.44,6,0,0.000,28
STLD,Steel Dynamics,US,Materials,192.52,363.01,28339828736,Large,24.09512,54.0,181.53,150.16,2,6,0.000,63
LC,LendingClub,US,Fintech,16.72,55.25,1927840000,Small,14.413793,48.3,18.45,15.79,0,4,0.000,55
RELY,Remitly Global,US,Fintech,16.84,-68.17,3547419904,Mid,54.322582,68.9,14.03,16.63,3,3,0.000,42
